{
  "template": "https://github.com/sapientbio-client-projects/project-cookiecutter",
  "commit": "3b0832f381c69be076e75f2bb9b7199310647c11",
  "checkout": null,
  "context": {
    "cookiecutter": {
      "email": "dong.liang@sapient.bio",
      "project_id": "153sap23p001",
      "project_name": "zoetis-pilot-study",
      "repo_name": "153sap23p001-zoetis-pilot-study",
      "description": "client project 153sap23p001-zoetis-pilot-study",
      "databricks_token": "REDACTED",
      "run_hooks": "True",
      "__first_name": "dong",
      "__last_name": "liang",
      "__db_scope": "dong.liang",
      "_template": "https://github.com/sapientbio-client-projects/project-cookiecutter"
    }
  },
  "directory": null
}
